{
  "Workflows": [
    {
      "Path": null,
      "SortBy": 0,
      "VariablesSectionElementsOrder": [],
      "ArgumentsSectionElementsOrder": null,
      "ConstantsSectionElementsOrder": [],
      "AddedNamespaces": null
    },
    {
      "Path": "Main.xaml",
      "SortBy": 0,
      "VariablesSectionElementsOrder": [
        "r5&Sequence_5",
        "r1&Sequence_1",
        "pwd&Sequence_1",
        "r2&Sequence_1",
        "r21&Sequence_1",
        "r22&Sequence_1",
        "a11&Sequence_1",
        "a1&Sequence_1",
        "e2&Sequence_1",
        "e1&Sequence_1",
        "r4&Sequence_5",
        "r3&Sequence_5",
        "d1&Sequence_4",
        "d2&Sequence_4",
        "r2&Sequence_5"
      ],
      "ArgumentsSectionElementsOrder": [],
      "ConstantsSectionElementsOrder": [],
      "AddedNamespaces": null
    }
  ]
}